{
	"name": "TransformationLoad",
	"properties": {
		"activities": [
			{
				"name": "Notebook1",
				"type": "DatabricksNotebook",
				"dependsOn": [],
				"policy": {
					"timeout": "0.12:00:00",
					"retry": 0,
					"retryIntervalInSeconds": 30,
					"secureOutput": false,
					"secureInput": false
				},
				"userProperties": [],
				"typeProperties": {
					"notebookPath": "/Users/nisarg@datamites.com/adf to adb"
				},
				"linkedServiceName": {
					"referenceName": "ADFtoADB",
					"type": "LinkedServiceReference"
				}
			}
		],
		"annotations": []
	}
}