{
	"name": "AzureSqlTable3",
	"properties": {
		"linkedServiceName": {
			"referenceName": "AzureSqlDatabase1",
			"type": "LinkedServiceReference"
		},
		"annotations": [],
		"type": "AzureSqlTable",
		"schema": [
			{
				"name": "product_id",
				"type": "int",
				"precision": 10
			},
			{
				"name": "product_name",
				"type": "varchar"
			},
			{
				"name": "category",
				"type": "varchar"
			},
			{
				"name": "price",
				"type": "decimal",
				"precision": 10,
				"scale": 2
			}
		],
		"typeProperties": {
			"schema": "dbo",
			"table": "products"
		}
	}
}